<Ui xsi:schemaLocation="http://www.blizzard.com/wow/ui/
..\FrameXML\UI.xsd">
  <Script file="NetEaseGUI.lua" />
  <Script file="Localization\zhCN.lua" />
  <Include file="Template\Frame.xml" />
  <Include file="Template\Fonts.xml" />
  <Script file="Embed\Refresh.lua" />
  <Script file="Embed\View.lua" />
  <Script file="Embed\Scroll.lua" />
  <Script file="Embed\Select.lua" />
  <Script file="Embed\Filter.lua" />
  <Script file="Embed\Owner.lua" />
  <Script file="Embed\Tab.lua" />
  <Script file="Embed\Help.lua" />
  <Script file="Embed\Blocker.lua" />
  <Script file="Embed\Tooltip.lua" />
  <Script file="Embed\TabPanel.lua" />
  <Script file="View\TabView.lua" />
  <Script file="View\ListView.lua" />
  <Script file="View\GridView.lua" />
  <Script file="View\DataGridView.lua" />
  <Script file="Widget\Tooltip.lua" />
  <Script file="Widget\AutoHideController.lua" />
  <Script file="Widget\ScrollBar.lua" />
  <Script file="Widget\ScrollFrame.lua" />
  <Script file="Widget\ItemButton.lua" />
  <Script file="Widget\TabItemButton.lua" />
  <Script file="Widget\AutoCompleteItem.lua" />
  <Script file="Widget\AutoCompleteFrame.lua" />
  <Script file="Widget\EditBox.lua" />
  <Script file="Widget\ClearButton.lua" />
  <Script file="Widget\InputBox.lua" />
  <Script file="Widget\InputBox2.lua" />
  <Script file="Widget\SearchBox.lua" />
  <Script file="Widget\InTabButton.lua" />
  <Script file="Widget\BottomTabButton.lua" />
  <Script file="Widget\CheckBox.lua" />
  <Script file="Widget\Panel.lua" />
  <Script file="Widget\TitleWidget.lua" />
  <Script file="Widget\DropMenuItem.lua" />
  <Script file="Widget\DropMenu.lua" />
  <Script file="Widget\Dropdown.lua" />
  <Script file="Widget\TitlePanel.lua" />
  <Script file="Widget\QRCodeWidget.lua" />
  <Script file="Widget\SortButton.lua" />
  <Script file="Widget\DataGridViewGridItem.lua" />
  <Script file="Widget\SummaryHtml.lua" />
  <Script file="Widget\InTabPanel.lua" />
  <Script file="Widget\TitleButton.lua" />
  <Script file="Widget\NumericBox.lua" />
  <Script file="Widget\AlphaFlash.lua" />
  <Script file="Widget\VerticalLine.lua" />
  <Script file="Widget\PanelBlocker.lua" />
  <Script file="Widget\ScrollSummaryHtml.lua" />
  <Script file="Widget\ShineWidget.lua" />
  <Script file="Widget\LeftTabItem.lua" />
  <Script file="Widget\LeftTabPanel.lua" />
  <Script file="Widget\PageScrollBar.lua" />
  <Script file="Public\Feedback.lua" />
  <Script file="Public\SpecialFrame.lua" />
  <Script file="Public\Dialog.lua" />
  <Script file="Public\DropMenu.lua" />
</Ui>
