<Ui xmlns="http://www.blizzard.com/wow/ui/" xmlns:xsi="http://www.w3.org/2001/XMLSchema-instance" xsi:schemaLocation="http://www.blizzard.com/wow/ui/
..\FrameXML\UI.xsd">

<Script file="MaidenOfVirtue.lua"/>
<Script file="OperaWikket.lua"/>
<Script file="OperaWestfall.lua"/>
<Script file="OperaBeast.lua"/>
<Script file="Attumen.lua"/>
<Script file="Moroes.lua"/>
<Script file="Curator.lua"/>
<Script file="ShadeOfMedivh.lua"/>
<Script file="ManaDevourer.lua"/>
<Script file="Vizaduum.lua"/>
<Script file="Nightbane.lua"/>
<Script file="Trash.lua"/>

<Include file="Options\options.xml"/>

</Ui>
