<Ui xmlns="http://www.blizzard.com/wow/ui/">
	<Script file='Achievement.lua'/>
	<Script file='Addonmanager.lua'/>
	<Script file='AdventureMap.lua'/>
	<Script file='Alerts.lua'/>
	<Script file='AlliedRaces.lua'/>
	<Script file='Archaeology.lua'/>
	<Script file='Artifact.lua'/>
	<Script file='AuctionHouse.lua'/>
	<Script file='Azerite.lua'/>
	<Script file='AzeriteRespec.lua'/>
	<Script file='Bags.lua'/>
	<Script file='Barber.lua'/>
	<Script file='BGMap.lua'/>
	<Script file='BGScore.lua'/>
	<Script file='Binding.lua'/>
	<Script file='BlackMarket.lua'/>
	<Script file='BlizzardOptions.lua'/>
	<Script file='Battlenet.lua'/>
	<Script file='Calendar.lua'/>
	<Script file='Channels.lua'/>
	<Script file='Character.lua'/>
	<Script file='Collectables.lua'/>
	<Script file='Contribution.lua'/>
	<Script file='Communities.lua'/>
	<Script file='DeathRecap.lua'/>
	<Script file='Debug.lua'/>
	<Script file='DressingRoom.lua'/>
	<Script file='EncounterJournal.lua'/>
	<Script file='Friends.lua'/>
	<Script file='FlightMap.lua'/>
	<Script file='Garrison.lua'/>
	<Script file='GarrisonTemplate.lua'/>
	<Script file='GuildBank.lua'/>
	<Script file='Gossip.lua'/>
	<Script file='Guild.lua'/>
	<Script file='GuildControl.lua'/>
	<Script file='GuildRegistrar.lua'/>
	<Script file='Help.lua'/>
	<Script file='Inspect.lua'/>
	<Script file='ItemUpgrade.lua'/>
	<Script file='IslandPartyPose.lua'/>
	<Script file='IslandQueue.lua'/>
	<Script file='LFG.lua'/>
	<Script file='LFGuild.lua'/>
	<Script file='Loot.lua'/>
	<Script file='LossControl.lua'/>
	<Script file='Macro.lua'/>
	<Script file='Mail.lua'/>
	<Script file='Merchant.lua'/>
	<Script file='MirrorTimers.lua'/>
	<Script file='Misc.lua'/>
	<Script file='NonRaid.lua'/>
	<Script file='ObjectiveTracker.lua'/>
	<Script file='Obliterum.lua'/>
	<Script file='Orderhall.lua'/>
	<Script file='PetBattle.lua'/>
	<Script file='Petition.lua'/>
	<Script file='PVP.lua'/>
	<Script file='Quest.lua'/>
	<Script file='QuestChoice.lua'/>
	<Script file='Raid.lua'/>
	<Script file='ScrappingMachine.lua'/>
	<Script file='Socket.lua'/>
	<Script file='Spellbook.lua'/>
	<Script file='Stable.lua'/>
	<Script file='Tabard.lua'/>
	<Script file='Talent.lua'/>
	<Script file='TalkingHead.lua'/>
	<Script file='Taxi.lua'/>
	<Script file='Tooltip.lua'/>
	<Script file='TimeManager.lua'/>
	<Script file='Trade.lua'/>
	<Script file='Tradeskill.lua'/>
	<Script file='Trainer.lua'/>
	<Script file='VoidStorage.lua'/>
	<Script file='Warboard.lua'/>
	<Script file='WarfrontPartyPose.lua'/>
	<Script file='Worldmap.lua'/>
</Ui>
