<Ui xsi:schemaLocation="http://www.blizzard.com/wow/ui/
..\FrameXML\UI.xsd">
	<ScrollFrame name="UIPanelScrollFrameTemplate1" virtual="true" inherits="UIPanelScrollFrameCodeTemplate">
		<Frames>
			<Slider name="$parentScrollBar" inherits="UIPanelScrollBarTemplate" parentKey="ScrollBar">
				<Anchors>
					<Anchor point="TOPLEFT" relativePoint="TOPRIGHT" x="-18" y="-19"/>
					<Anchor point="BOTTOMLEFT" relativePoint="BOTTOMRIGHT" x="-18" y="18"/>
				</Anchors>
			</Slider>
		</Frames>
	</ScrollFrame>
  <Script file="init.lua" />
  <Script file="ignores.lua" />
	<Script file="export.lua" />
	<Script file="ignore_all.lua" />
	<Script file="keyword.lua" />
</Ui>
