<Ui xmlns="http://www.blizzard.com/wow/ui/">
	<Include file="actionbars\load_actionbars.xml"/>
	<Include file="armory\load_armory.xml"/>
	<Include file="bags\load_bags.xml"/>
	<Include file="blizzard\load_blizzard.xml"/>
	<Include file="chat\load_chat.xml"/>
	<Include file="combat\load_combat.xml"/>
	<Include file="maps\load_maps.xml"/>
	<Include file="misc\load_misc.xml"/>
	<Include file="nameplates\load_nameplates.xml"/>
	<Include file="quest\load_quest.xml"/>
	<Include file="raid\load_raid.xml"/>
	<Include file="tooltip\load_tooltip.xml"/>
	<Include file="unitframes\load_unitframes.xml"/>
	<Include file="filters\load_filters.xml"/>
	<Include file="cvar\load_cvar.xml"/>
</Ui>
