<Ui xmlns="http://www.blizzard.com/wow/ui/">
	<Script file='altpower.lua'/>
	<Script file='aurabars.lua'/>
	<Script file='auras.lua'/>
	<Script file='buffindicator.lua'/>
	<Script file='castbar.lua'/>
	<Script file='classbars.lua'/>
	<Script file='combatindicator.lua'/>
	<Script file='customtext.lua'/>
	<Script file='debuffhighlight.lua'/>
	<Script file='healprediction.lua'/>
	<Script file='health.lua'/>
	<Script file='infopanel.lua'/>
	<Script file='name.lua'/>
	<Script file='phaseindicator.lua'/>
	<Script file='portrait.lua'/>
	<Script file='power.lua'/>
	<Script file='powerprediction.lua'/>
	<Script file='PvPIcon.lua'/>
	<Script file='pvpindicator.lua'/>
	<Script file='pvpspecicon.lua'/>
	<Script file='raiddebuffs.lua'/>
	<Script file='raidicon.lua'/>
	<Script file='raidroleicons.lua'/>
	<Script file='range.lua'/>
	<Script file='readycheckicon.lua'/>
	<Script file='restingindicator.lua'/>
	<Script file='resurrectionicon.lua'/>
	<Script file='roleicons.lua'/>
	<Script file='frameglow.lua'/>
	<Script file='threat.lua'/>
	<Script file='trinket.lua'/>
</Ui>
