<Ui xmlns="http://www.blizzard.com/wow/ui/">
	<Script file="misc.lua"/>
	<Script file="alreadyKnown.lua"/>
	<Script file="autoDelete.lua"/>
	<Script file="autoRelease.lua"/>
	<Script file="autoScreenShoot.lua"/>
	<Script file="autoRepChange.lua"/>
	<Script file="classColors.lua"/>
	<Script file="fastLoot.lua"/>
	<Script file="inviteGroup.lua"/>
	<Script file="numberPrefixStyle.lua"/>
	<Script file="rightButtonMenu.lua"/>
	<Script file="setPoi.lua"/>
	<Script file="talentProfiles.lua"/>
	<Script file="talkingHead.lua"/>
	<Include file="lootSpecManager\load_lootSpecManager.xml"/>
</Ui>
