<Ui xmlns="http://www.blizzard.com/wow/ui/">
	<Script file='SetCVar.lua'/>
	<Script file='LvStatusbar.lua'/>
	<Script file='NumberPrefixStyle.lua'/>
	<Script file='RaidMarkingKey.lua'/>
	<Script file='SetFocusKey.lua'/>
	<Script file='SquareMinimap.lua'/>
	<Script file='SetPoi.lua'/>
	<Script file='NamePlatesCastBar.lua'/>
	<Script file='RightButtonMenu.lua'/>
	<Script file='CombatNotification.lua'/>
	<Script file='TalkingHead.lua'/>
	<Script file='InviteGroup.lua'/>
	<Script file='ChatMod.lua'/>
	<Script file='ChatBossNotes.lua'/>
	<Script file='ChatStatReport.lua'/>
	<Script file='ChatEmote.lua'/>
	<Script file='ChatBar.lua'/>
	<Script file='ClassColors.lua'/>
	<Script file='AlreadyKnown.lua'/>
	<Script file='AutoScreenShoot.lua'/>
	<Script file='AutoDelete.lua'/>
	<Script file='QuestAutomation.lua'/>
	<Script file='QuestAnnouncment.lua'/>
	<Script file='QuestListEnhanced.lua'/>
	<Script file='AnnounceSystem.lua'/>
	<Script file='TalentProfiles.lua'/>
	<Script file='WhoClickMinimap.lua'/>
	<Script file='MinimapWheel.lua'/>
	<Script file='CastbarTime.lua'/>
	<Script file='RandomHearthStone.lua'/>
	<Script file='FastLoot.lua'/>
	<Script file='TradeLog.lua'/>
	<Script file='RepChange.lua'/>
</Ui>
