<Ui xmlns="http://www.blizzard.com/wow/ui/">
	<Script file='achievement.lua'/>
	<Script file='addonmanager.lua'/>
	<Script file='AdventureMap.lua'/>
	<Script file='alerts.lua'/>
	<Script file='AlliedRaces.lua'/>
	<Script file='archaeology.lua'/>
	<Script file='artifact.lua'/>
	<Script file='auctionhouse.lua'/>
	<Script file='Azerite.lua'/>
	<Script file='AzeriteRespec.lua'/>
	<Script file='bags.lua'/>
	<Script file='barber.lua'/>
	<Script file='bgmap.lua'/>
	<Script file='bgscore.lua'/>
	<Script file='binding.lua'/>
	<Script file='blackmarket.lua'/>
	<Script file='BlizzardOptions.lua'/>
	<Script file='BNet.lua'/>
	<Script file='calendar.lua'/>
	<Script file='Channels.lua'/>
	<Script file='character.lua'/>
	<Script file='collectables.lua'/>
	<Script file='Contribution.lua'/>
	<Script file='Communities.lua'/>
	<Script file='deathRecap.lua'/>
	<Script file='debug.lua'/>
	<Script file='dressingroom.lua'/>
	<Script file='encounterjournal.lua'/>
	<Script file='friends.lua'/>
	<Script file='flightmap.lua'/>
	<Script file='garrison.lua'/>
	<Script file='garrison_template.lua'/>
	<Script file='gbank.lua'/>
	<Script file='gossip.lua'/>
	<Script file='guild.lua'/>
	<Script file='guildcontrol.lua'/>
	<Script file='guildregistrar.lua'/>
	<Script file='help.lua'/>
	<Script file='inspect.lua'/>
	<Script file='itemupgrade.lua'/>
	<Script file='IslandPartyPose.lua'/>
	<Script file='IslandQueue.lua'/>
	<Script file='lfg.lua'/>
	<Script file='lfguild.lua'/>
	<Script file='loot.lua'/>
	<Script file='losscontrol.lua'/>
	<Script file='macro.lua'/>
	<Script file='mail.lua'/>
	<Script file='merchant.lua'/>
	<Script file='mirrortimers.lua'/>
	<Script file='misc.lua'/>
	<Script file='nonraid.lua'/>
	<Script file='objectivetracker.lua'/>
	<Script file='Obliterum.lua'/>
	<Script file='orderhall.lua'/>
	<Script file='petbattle.lua'/>
	<Script file='petition.lua'/>
	<Script file='pvp.lua'/>
	<Script file='quest.lua'/>
	<Script file='questchoice.lua'/>
	<Script file='raid.lua'/>
	<Script file='ScrappingMachine.lua'/>
	<Script file='socket.lua'/>
	<Script file='spellbook.lua'/>
	<Script file='stable.lua'/>
	<Script file='tabard.lua'/>
	<Script file='talent.lua'/>
	<Script file='talkinghead.lua'/>
	<Script file='taxi.lua'/>
	<Script file='tooltip.lua'/>
	<Script file='timemanager.lua'/>
	<Script file='trade.lua'/>
	<Script file='tradeskill.lua'/>
	<Script file='trainer.lua'/>
	<Script file='voidstorage.lua'/>
	<Script file='Warboard.lua'/>
	<Script file='WarfrontPartyPose.lua'/>
	<Script file='worldmap.lua'/>
</Ui>
