<Ui xmlns="http://www.blizzard.com/wow/ui/" xmlns:xsi="http://www.w3.org/2001/XMLSchema-instance" xsi:schemaLocation="http://www.blizzard.com/wow/ui/
..\FrameXML\UI.xsd">
	<Script file="AceGUI-3.0.lua"/>
	<Script file="widgets\AceGUIContainer-BlizOptionsGroup.lua"/>
	<Script file="widgets\AceGUIContainer-DropDownGroup.lua"/>
	<Script file="widgets\AceGUIContainer-Frame.lua"/>
	<Script file="widgets\AceGUIContainer-InlineGroup.lua"/>
	<Script file="widgets\AceGUIContainer-ScrollFrame.lua"/>
	<Script file="widgets\AceGUIContainer-SimpleGroup.lua"/>
	<Script file="widgets\AceGUIContainer-TabGroup.lua"/>
	<Script file="widgets\AceGUIContainer-TreeGroup.lua"/>
	<Script file="widgets\AceGUIContainer-Window.lua"/>
	<Script file="widgets\AceGUIWidget-Button.lua"/>
	<Script file="widgets\AceGUIWidget-CheckBox.lua"/>
	<Script file="widgets\AceGUIWidget-ColorPicker.lua"/>
	<Script file="widgets\AceGUIWidget-DropDown.lua"/>
	<Script file="widgets\AceGUIWidget-DropDown-Items.lua"/>
	<Script file="widgets\AceGUIWidget-EditBox.lua"/>
	<Script file="widgets\AceGUIWidget-Heading.lua"/>
	<Script file="widgets\AceGUIWidget-Icon.lua"/>
	<Script file="widgets\AceGUIWidget-InteractiveLabel.lua"/>
	<Script file="widgets\AceGUIWidget-Keybinding.lua"/>
	<Script file="widgets\AceGUIWidget-Label.lua"/>
	<Script file="widgets\AceGUIWidget-MultiLineEditBox.lua"/>
	<Script file="widgets\AceGUIWidget-Slider.lua"/>
</Ui>
