<Bindings>
	<Binding name="CLICK AutoSlotButton1:LeftButton" header="AutoSlotButton" category="BINDING_HEADER_LIVVENUI"/>
	<Binding name="CLICK AutoSlotButton2:LeftButton" category="BINDING_HEADER_LIVVENUI"/>
	<Binding name="CLICK AutoSlotButton3:LeftButton" category="BINDING_HEADER_LIVVENUI"/>
	<Binding name="CLICK AutoSlotButton4:LeftButton" category="BINDING_HEADER_LIVVENUI"/>
	<Binding name="CLICK AutoSlotButton5:LeftButton" category="BINDING_HEADER_LIVVENUI"/>
	<Binding name="CLICK AutoSlotButton6:LeftButton" category="BINDING_HEADER_LIVVENUI"/>
	<Binding name="CLICK AutoSlotButton7:LeftButton" category="BINDING_HEADER_LIVVENUI"/>
	<Binding name="CLICK AutoSlotButton8:LeftButton" category="BINDING_HEADER_LIVVENUI"/>
	<Binding name="CLICK AutoSlotButton9:LeftButton" category="BINDING_HEADER_LIVVENUI"/>
	<Binding name="CLICK AutoSlotButton10:LeftButton" category="BINDING_HEADER_LIVVENUI"/>
	<Binding name="CLICK AutoSlotButton11:LeftButton" category="BINDING_HEADER_LIVVENUI"/>
	<Binding name="CLICK AutoSlotButton12:LeftButton" category="BINDING_HEADER_LIVVENUI"/>
	<Binding name="CLICK AutoQuestButton1:LeftButton" header="AutoQuestButton" category="BINDING_HEADER_LIVVENUI"/>
	<Binding name="CLICK AutoQuestButton2:LeftButton" category="BINDING_HEADER_LIVVENUI"/>
	<Binding name="CLICK AutoQuestButton3:LeftButton" category="BINDING_HEADER_LIVVENUI"/>
	<Binding name="CLICK AutoQuestButton4:LeftButton" category="BINDING_HEADER_LIVVENUI"/>
	<Binding name="CLICK AutoQuestButton5:LeftButton" category="BINDING_HEADER_LIVVENUI"/>
	<Binding name="CLICK AutoQuestButton6:LeftButton" category="BINDING_HEADER_LIVVENUI"/>
	<Binding name="CLICK AutoQuestButton7:LeftButton" category="BINDING_HEADER_LIVVENUI"/>
	<Binding name="CLICK AutoQuestButton8:LeftButton" category="BINDING_HEADER_LIVVENUI"/>
	<Binding name="CLICK AutoQuestButton9:LeftButton" category="BINDING_HEADER_LIVVENUI"/>
	<Binding name="CLICK AutoQuestButton10:LeftButton" category="BINDING_HEADER_LIVVENUI"/>
	<Binding name="CLICK AutoQuestButton11:LeftButton" category="BINDING_HEADER_LIVVENUI"/>
	<Binding name="CLICK AutoQuestButton12:LeftButton" category="BINDING_HEADER_LIVVENUI"/>
</Bindings>