<Ui xmlns="http://www.blizzard.com/wow/ui/">
	<Script file='blizzard.lua'/>
	<Script file='colorpicker.lua'/>
	<Script file='kill.lua'/>
	<Script file='objectiveFrame.lua'/>
	<Script file='vehicle.lua'/>
	<Script file='timerTracker.lua'/>
	<Script file='gm.lua'/>
	<Script file='durability.lua'/>
	<Script file='capturebar.lua'/>
	<Script file='alertframe.lua'/>
	<Script file='altpower.lua'/>
	<Script file='TalkingHeadFrame.lua'/>
	<Script file='LevelUpBossBanner.lua'/>
	<Script file='UIWidgets.lua'/>
	<Script file='garrison.lua'/>
</Ui>
