<Ui xmlns="http://www.blizzard.com/wow/ui/" xmlns:xsi="http://www.w3.org/2001/XMLSchema-instance" xsi:schemaLocation="http://www.blizzard.com/wow/ui/
..\FrameXML\UI.xsd">

<Script file="Shivermaw.lua"/>
<Script file="Thalena.lua"/>
<Script file="Festerface.lua"/>
<Script file="MillificentManastorm.lua"/>
<Script file="Kaahrj.lua"/>
<Script file="Anubesset.lua"/>
<Script file="Saelorn.lua"/>
<Script file="Betrug.lua"/>
<Script file="Trash.lua"/>

<Include file="Options\options.xml"/>

</Ui>
