<Ui xmlns="http://www.blizzard.com/wow/ui/" xmlns:xsi="http://www.w3.org/2001/XMLSchema-instance" xsi:schemaLocation="http://www.blizzard.com/wow/ui/
..\FrameXML\UI.xsd">
	<Script file="MSA-DropDownMenu-1.0.lua"/>
	<Include file="MSA-DropDownMenuTemplates.xml"/>
	<Button name="MSA_DropDownList1" toplevel="true" frameStrata="FULLSCREEN_DIALOG" inherits="MSA_DropDownListTemplate" hidden="true" id="1">
		<Size>
			<AbsDimension x="180" y="10"/>
		</Size>
		<Scripts>
			<OnLoad>
				local fontName, fontHeight, fontFlags = _G["MSA_DropDownList1Button1NormalText"]:GetFont();
				MSA_DROPDOWNMENU_DEFAULT_TEXT_HEIGHT = fontHeight;
			</OnLoad>
		</Scripts>
	</Button>
	<Button name="MSA_DropDownList2" toplevel="true" frameStrata="FULLSCREEN_DIALOG" inherits="MSA_DropDownListTemplate" hidden="true" id="2">
		<Size>
			<AbsDimension x="180" y="10"/>
		</Size>
	</Button>
</Ui>