<Ui xmlns="http://www.blizzard.com/wow/ui/">
	<Script file="Blizzard_AchievementUI.lua"/>
	<Script file="Blizzard_AdventureMap.lua"/>
	<Script file="Blizzard_AlliedRacesUI.lua"/>
	<Script file="Blizzard_ArtifactUI.lua"/>
	<Script file="Blizzard_AuctionUI.lua"/>
	<Script file="Blizzard_AzeriteRespecUI.lua"/>
	<Script file="Blizzard_AzeriteUI.lua"/>
	<Script file="Blizzard_BindingUI.lua"/>
	<Script file="Blizzard_BlackMarketUI.lua"/>
	<Script file="Blizzard_Calendar.lua"/>
	<Script file="Blizzard_ChallengesUI.lua"/>
	<Script file="Blizzard_Channels.lua"/>
	<Script file="Blizzard_Collections.lua"/>
	<Script file="Blizzard_Communities.lua"/>
	<Script file="Blizzard_Contribution.lua"/>
	<Script file="Blizzard_DeathRecap.lua"/>
	<Script file="Blizzard_DebugTools.lua"/>
	<Script file="Blizzard_EncounterJournal.lua"/>
	<Script file="Blizzard_FlightMap.lua"/>
	<Script file="Blizzard_GarrisonUI.lua"/>
	<Script file="Blizzard_GMChatUI.lua"/>
	<Script file="Blizzard_GuildBankUI.lua"/>
	<Script file="Blizzard_GuildUI.lua"/>
	<Script file="Blizzard_GuildControlUI.lua"/>
	<Script file="Blizzard_GuildRecruitmentUI.lua"/>
	<Script file="Blizzard_InspectUI.lua"/>
	<Script file="Blizzard_IslandPartyPoseUI.lua"/>
	<Script file="Blizzard_IslandsQueueUI.lua"/>
	<Script file="Blizzard_ItemSocketingUI.lua"/>
	<Script file="Blizzard_ItemUpgradeUI.lua"/>
	<Script file="Blizzard_LookingForGuildUI.lua"/>
	<Script file="Blizzard_MacroUI.lua"/>
	<Script file="Blizzard_MapCanvas.lua"/>
	<Script file="Blizzard_ObjectiveTracker.lua"/>
	<Script file="misc.lua"/>
	<Script file="Blizzard_OrderHallUI.lua"/>
	<Script file="Blizzard_PVPUI.lua"/>
	<Script file="Blizzard_QuestChoice.lua"/>
	<Script file="Blizzard_RaidUI.lua"/>
	<Script file="Blizzard_ScrappingMachineUI.lua"/>
	<Script file="Blizzard_TalentUI.lua"/>
	<Script file="Blizzard_TalkingHeadUI.lua"/>
	<Script file="Blizzard_TimeManager.lua"/>
	<Script file="Blizzard_TradeSkillUI.lua"/>
	<Script file="Blizzard_TrainerUI.lua"/>
	<Script file="Blizzard_UIWidgets.lua"/>
	<Script file="Blizzard_VoidStorageUI.lua"/>
	<Script file="Blizzard_WarboardUI.lua"/>
	<Script file="Blizzard_WarfrontPartyPose.lua"/>
</Ui>
