<Ui xmlns="http://www.blizzard.com/wow/ui/">
	<Script file="BNet.lua"/>
	<Script file="CharacterFrame.lua"/>
	<Script file="ChatFrame.lua"/>
	<Script file="CinematicFrame.lua"/>
	<Script file="DressUpFrames.lua"/>
	<Script file="FriendsFrame.lua"/>
	<Script file="GossipFrame.lua"/>
	<Script file="HelpFrame.lua"/>
	<Script file="ItemTextFrame.lua"/>
	<Script file="LFGFrame.lua"/>
	<Script file="LFGList.lua"/>
	<Script file="LootFrame.lua"/>
	<Script file="MailFrame.lua"/>
	<Script file="MerchantFrame.lua"/>
	<Script file="MinimapFrame.lua"/>
	<Script file="PaperDollFrame.lua"/>
	<Script file="PVEFrame.lua"/>
	<Script file="QuestFrame.lua"/>
	<Script file="QuestInfo.lua"/>
	<Script file="QuestMapFrame.lua"/>
	<Script file="QuestPOI.lua"/>
	<Script file="RaidFrame.lua"/>
	<Script file="SpellBookFrame.lua"/>
	<Script file="StackSplitFrame.lua"/>
	<Script file="TaxiFrame.lua"/>
	<Script file="TradeFrame.lua"/>
	<Script file="UIDropDownMenu.lua"/>
	<Script file="WorldMapFrame.lua"/>
</Ui>
