<Bindings>
<!--
    This file is part of Decursive.

    Decursive (v 2.7.6.1) add-on for World of Warcraft UI
    Copyright (C) 2006-2018 John Wellesz (Decursive AT 2072productions.com) ( http://www.2072productions.com/to/decursive.php )

    Starting from 2009-10-31 and until said otherwise by its author, Decursive
    is no longer free software, all rights are reserved to its author (John Wellesz).

    The only official and allowed distribution means are www.2072productions.com, www.wowace.com and curse.com.
    To distribute Decursive through other means a special authorization is required.


    Decursive is inspired from the original "Decursive v1.9.4" by Patrick Bohnet (Quu).
    The original "Decursive 1.9.4" is in public domain ( www.quutar.com )

    Decursive is distributed in the hope that it will be useful,
    but WITHOUT ANY WARRANTY.

    This file was last updated on 2018-07-18T0:42:34Z
-->

        <Binding name="DCRSHOW" header="DECURSIVE" category="ADDONS">
                        DecursiveRootTable.Dcr:HideBar(false);
        </Binding>
        <Binding name="DCRMUFSHOWHIDE" category="ADDONS">
                        DecursiveRootTable.Dcr:ShowHideDebuffsFrame ();
        </Binding>
        <Binding name="DCRSHOWOPTION" category="ADDONS">
                        LibStub("AceConfigDialog-3.0"):Open(DecursiveRootTable.Dcr.name);
        </Binding>
        <Binding name="DCRPRSHOW" category="ADDONS">
                        DecursiveRootTable.Dcr:ShowHidePriorityListUI();
        </Binding>
        <Binding name="DCRPRADD" category="ADDONS">
                        DecursiveRootTable.Dcr:AddTargetToPriorityList();
        </Binding>
        <Binding name="DCRPRCLEAR" category="ADDONS">
                        DecursiveRootTable.Dcr:ClearPriorityList();
        </Binding>
        <Binding name="DCRSKSHOW" category="ADDONS">
                        DecursiveRootTable.Dcr:ShowHideSkipListUI();
        </Binding>
        <Binding name="DCRSKADD" category="ADDONS">
                        DecursiveRootTable.Dcr:AddTargetToSkipList();
        </Binding>
        <Binding name="DCRSKCLEAR" category="ADDONS">
                        DecursiveRootTable.Dcr:ClearSkipList();
        </Binding>
</Bindings>
