<Ui xmlns="http://www.blizzard.com/wow/ui/">
	<Script file='DataTexts.lua'/>
	<Script file='Armor.lua'/>
	<Script file='AttackPower.lua'/>
	<Script file='Avoidance.lua'/>
	<Script file='Bags.lua'/>
	<Script file='Battleground.lua'/>
	<Script file='CallToArms.lua'/>
	<Script file='CombatTime.lua'/>
	<Script file='Coordinates.lua'/>
	<Script file='Crit.lua'/>
	<Script file='DPS.lua'/>
	<Script file='Durability.lua'/>
	<Script file='ConfigElvUI.lua'/>
	<Script file='Friends.lua'/>
	<Script file='Garrison.lua'/>
	<Script file='Gold.lua'/>
	<Script file='Guild.lua'/>
	<Script file='Haste.lua'/>
	<Script file='HPS.lua'/>
	<Script file='Leech.lua'/>
	<Script file='Mastery.lua'/>
	<Script file='Orderhall.lua'/>
	<Script file='Regen.lua'/>
	<Script file='SpecSwitch.lua'/>
	<Script file='Speed.lua'/>
	<Script file='SpellPower.lua'/>
	<Script file='System.lua'/>
	<Script file='Time.lua'/>
	<Script file='Versatility.lua'/>
	<Script file='MovementSpeed.lua'/>
	<Script file='Currencies.lua'/>
	<Script file='CustomCurrency.lua'/>
	<Script file='Quickjoin.lua'/>
	<Script file='MissionsBFA.lua'/>
</Ui>
